{
  "format_version": "1.8.0",
  "render_controllers": {
    "controller.render.iron_golem": {
	  "arrays": {
	    "textures": {
		  "Array.skins": [
            "Texture.default",
            "Texture.coalg",
            "Texture.cobblestoneg",
            "Texture.diamondg",
            "Texture.dirtg",
            "Texture.endg",
            "Texture.glowstoneg",
            "Texture.goldg",
            "Texture.grassg",
            "Texture.lapisg",
            "Texture.logacaciag",
            "Texture.logbigoakg",
            "Texture.logbirchg",
            "Texture.logjungleg",
            "Texture.logoakg",
            "Texture.logspruceg",
            "Texture.magmag",
            "Texture.melong",
            "Texture.netherrackg",
            "Texture.obsidiang",
            "Texture.plankacaciag",
            "Texture.plankbigoakg",
            "Texture.plankbirchg",
            "Texture.plankjungleg",
            "Texture.plankoakg",
            "Texture.plankspruceg",
            "Texture.pumpking",
            "Texture.quartzg",
            "Texture.redstoneg",
            "Texture.sandg",
            "Texture.slimeg",
            "Texture.stoneg",
            "Texture.warpedwartg",
            "Texture.netherwartg",
            "Texture.plankwarpedg",
            "Texture.plankcrimsong",
            "Texture.logwarpedg",
            "Texture.logcrimsong",
            "Texture.redsandg",
            "Texture.andesiteg",
            "Texture.dioriteg",
            "Texture.graniteg",
            "Texture.stonebrickg",
            "Texture.boneg",
            "Texture.brickg",
            "Texture.clayg",
            "Texture.mossycobblestoneg",
            "Texture.kelpg",
            "Texture.emeraldg",
            "Texture.endbrickg",
            "Texture.honeyg",
            "Texture.netherbrickg",
            "Texture.blackstoneg",
            "Texture.hayg",
            "Texture.netheriteg",
            "Texture.glassg",
            "Texture.bookshelfg"
		  ]
		}
	  },
      "textures": [ "Array.skins[query.variant]" ],
      "geometry": "Geometry.default",
      "materials": [
        { "*": "query.variant == 30 || query.variant == 50 || query.variant == 55 ? Material.slimeg : Material.default" }
       ]
    }
  }
}
