{
  "format_version": "1.8.0",
  "minecraft:client_entity": {
    "description": {
      "identifier": "minecraft:iron_golem",
      "materials": {
          "default": "iron_golem",
          "slimeg": "slime_outer"
      },
      "textures": {
        "default": "textures/entity/iron_golem",
        "coalg": "textures/entity/coal_golem",
        "cobblestoneg": "textures/entity/cobblestone_golem",
        "diamondg": "textures/entity/diamond_golem",
        "dirtg": "textures/entity/dirt_golem",
        "endg": "textures/entity/end_golem",
        "glowstoneg": "textures/entity/glowstone_golem",
        "goldg": "textures/entity/gold_golem",
        "grassg": "textures/entity/grass_golem",
        "lapisg": "textures/entity/lapis_golem",
        "logacaciag": "textures/entity/logacacia_golem",
        "logbigoakg": "textures/entity/logbigoak_golem",
        "logbirchg": "textures/entity/logbirch_golem",
        "logjungleg": "textures/entity/logjungle_golem",
        "logoakg": "textures/entity/logoak_golem",
        "logspruceg": "textures/entity/logspruce_golem",
        "magmag": "textures/entity/magma_golem",
        "melong": "textures/entity/melon_golem",
        "netherrackg": "textures/entity/netherrack_golem",
        "obsidiang": "textures/entity/obsidian_golem",
        "plankacaciag": "textures/entity/plankacacia_golem",
        "plankbigoakg": "textures/entity/plankbigoak_golem",
        "plankbirchg": "textures/entity/plankbirch_golem",
        "plankjungleg": "textures/entity/plankjungle_golem",
        "plankoakg": "textures/entity/plankoak_golem",
        "plankspruceg": "textures/entity/plankspruce_golem",
        "pumpking": "textures/entity/pumpkin_golem",
        "quartzg": "textures/entity/quartz_golem",
        "redstoneg": "textures/entity/redstone_golem",
        "sandg": "textures/entity/sand_golem",
        "slimeg": "textures/entity/slime_golem",
        "stoneg": "textures/entity/stone_golem",
        
        "warpedwartg": "textures/entity/warpedwart_golem",
        "netherwartg": "textures/entity/netherwart_golem",
        "plankwarpedg": "textures/entity/plankwarped_golem",
        "plankcrimsong": "textures/entity/plankcrimson_golem",
        "logwarpedg": "textures/entity/logwarped_golem",
        "logcrimsong": "textures/entity/logcrimson_golem",
        "redsandg": "textures/entity/redsand_golem",
        "andesiteg": "textures/entity/andesite_golem",
        "dioriteg": "textures/entity/diorite_golem",
        "graniteg": "textures/entity/granite_golem",
        "stonebrickg": "textures/entity/stonebrick_golem",
        "boneg": "textures/entity/bone_golem",
        "brickg": "textures/entity/brick_golem",
        "clayg": "textures/entity/clay_golem",
        "mossycobblestoneg": "textures/entity/mossycobblestone_golem",
        "kelpg": "textures/entity/kelp_golem",
        "emeraldg": "textures/entity/emerald_golem",
        "endbrickg": "textures/entity/endbrick_golem",
        "honeyg": "textures/entity/honey_golem",
        "netherbrickg": "textures/entity/netherbrick_golem",
        "blackstoneg": "textures/entity/blackstone_golem",
        "hayg": "textures/entity/hay_golem",
        "netheriteg": "textures/entity/netherite_golem",
        "glassg": "textures/entity/glass_golem",
        "bookshelfg": "textures/entity/bookshelf_golem"
      },
      "geometry": {
        "default": "geometry.irongolem"
      },
      "animations": {
        "walk": "animation.iron_golem.walk",
        "move": "animation.iron_golem.move",
        "attack": "animation.iron_golem.attack",
        "flower": "animation.iron_golem.flower",
        "look_at_target": "animation.common.look_at_target"
      },
      "animation_controllers": [
        { "move": "controller.animation.iron_golem.move" },
        { "arm": "controller.animation.iron_golem.arm_movement"}
      ],
      "render_controllers": [ "controller.render.iron_golem" ]
    }
  }
}