{
  "format_version": "1.13.0",
  "minecraft:recipe_shaped": {
    "description": {
    "identifier": "minecraft:coal_golemuno"
    },

    
    "tags": [ "crafting_table" ],
    "pattern": [
      " S ",
      "###",
      " # "
    ],
    "key": {
      "#": {
        "item": "minecraft:coal_block"
      },
      "S": {
        "item": "minecraft:pumpkin"
      }
    },
    "result": {
                    "item": "spawn_egg",
                    "data": "query.get_actor_info_id('bib:coal_golem')"
                }
  }
}