{
  "format_version": "1.12",
  "minecraft:recipe_shaped": {
    "description": {
      "identifier": "recipe:hayg2"
    },
    
    "tags": [ "crafting_table" ],
    "pattern": [
      " X ",
      "YYY",
      " Y "
    ],
    "key": {
      "X": {
        "item": "minecraft:carved_pumpkin"
      },
      "Y": {
        "item": "minecraft:hay_block"
      }
    },
    "result": {
                    "item": "spawn_egg",
                    "data": "query.get_actor_info_id('bib:hay_golem')"
                }
  }
}