{
  "resource_pack_name": "[Resource]",
  "texture_name": "atlas.items",
  "texture_data": {
    "icoal_golem":
    {
      "textures":"textures/items/icoal_golem.png"
    },
    "icobblestone_golem":
    {
      "textures":"textures/items/icobblestone_golem.png"
    },
    "idiamond_golem":
    {
      "textures":"textures/items/idiamond_golem.png"
    },
    "idirt_golem":
    {
      "textures":"textures/items/idirt_golem.png"
    },
    "iend_golem":
    {
      "textures":"textures/items/iend_golem.png"
    },
    "iglowstone_golem":
    {
      "textures":"textures/items/iglowstone_golem.png"
    },
    "igold_golem":
    {
      "textures":"textures/items/igold_golem.png"
    },
    "igrass_golem":
    {
      "textures":"textures/items/igrass_golem.png"
    },
    "ilapis_golem":
    {
      "textures":"textures/items/ilapis_golem.png"
    },
    "ilogacacia_golem":
    {
      "textures":"textures/items/ilogacacia_golem.png"
    },
    "ilogbigoak_golem":
    {
      "textures":"textures/items/ilogbigoak_golem.png"
    },
    "ilogbirch_golem":
    {
      "textures":"textures/items/ilogbirch_golem.png"
    },
    "ilogjungle_golem":
    {
      "textures":"textures/items/ilogjungle_golem.png"
    },
    "ilogoak_golem":
    {
      "textures":"textures/items/ilogoak_golem.png"
    },
    "ilogspruce_golem":
    {
      "textures":"textures/items/ilogspruce_golem.png"
    },
    "imagma_golem":
    {
      "textures":"textures/items/imagma_golem.png"
    },
    "imelon_golem":
    {
      "textures":"textures/items/imelon_golem.png"
    },
    "inetherrack_golem":
    {
      "textures":"textures/items/inetherrack_golem.png"
    },
    "iobsidian_golem":
    {
      "textures":"textures/items/iobsidian_golem.png"
    },
    "iplankacacia_golem":
    {
      "textures":"textures/items/iplankacacia_golem.png"
    },
    "iplankbigoak_golem":
    {
      "textures":"textures/items/iplankbigoak_golem.png"
    },
    "iplankbirch_golem":
    {
      "textures":"textures/items/iplankbirch_golem.png"
    },
    "iplankjungle_golem":
    {
      "textures":"textures/items/iplankjungle_golem.png"
    },
    "iplankoak_golem":
    {
      "textures":"textures/items/iplankoak_golem.png"
    },
    "iplankspruce_golem":
    {
      "textures":"textures/items/iplankspruce_golem.png"
    },
    "ipumpkin_golem":
    {
      "textures":"textures/items/ipumpkin_golem.png"
    },
    "iquartz_golem":
    {
      "textures":"textures/items/iquartz_golem.png"
    },
    "iredstone_golem":
    {
      "textures":"textures/items/iredstone_golem.png"
    },
    "isand_golem":
    {
      "textures":"textures/items/isand_golem.png"
    },
    "islime_golem":
    {
      "textures":"textures/items/islime_golem.png"
    },
    "istone_golem":
    {
      "textures":"textures/items/istone_golem.png"
    },
    "iwarpedwart_golem":
    {
      "textures":"textures/items/iwarpedwart_golem.png"
    },
    "inetherwart_golem":
    {
      "textures":"textures/items/inetherwart_golem.png"
    },
    "iplankwarped_golem":
    {
      "textures":"textures/items/iplankwarped_golem.png"
    },
    "iplankcrimson_golem":
    {
      "textures":"textures/items/iplankcrimson_golem.png"
    },
    "ilogwarped_golem":
    {
      "textures":"textures/items/ilogwarped_golem.png"
    },
    "ilogcrimson_golem":
    {
      "textures":"textures/items/ilogcrimson_golem.png"
    },
    "iredsand_golem":
    {
      "textures":"textures/items/iredsand_golem.png"
    },
    "iandesite_golem":
    {
      "textures":"textures/items/iandesite_golem.png"
    },
    "idiorite_golem":
    {
      "textures":"textures/items/idiorite_golem.png"
    },
    "igranite_golem":
    {
      "textures":"textures/items/igranite_golem.png"
    },
    "istonebrick_golem":
    {
      "textures":"textures/items/istonebrick_golem.png"
    },
    "ibone_golem":
    {
      "textures":"textures/items/ibone_golem.png"
    },
    "ibrick_golem":
    {
      "textures":"textures/items/ibrick_golem.png"
    },
    "iclay_golem":
    {
      "textures":"textures/items/iclay_golem.png"
    },
    "imossycobblestone_golem":
    {
      "textures":"textures/items/imossycobblestone_golem.png"
    },
    "ikelp_golem":
    {
      "textures":"textures/items/ikelp_golem.png"
    },
    "iemerald_golem":
    {
      "textures":"textures/items/iemerald_golem.png"
    },
    "iendbrick_golem":
    {
      "textures":"textures/items/iendbrick_golem.png"
    },
    "ihoney_golem":
    {
      "textures":"textures/items/ihoney_golem.png"
    },
    "inetherbrick_golem":
    {
      "textures":"textures/items/inetherbrick_golem.png"
    },
    "iblackstone_golem":
    {
      "textures":"textures/items/iblackstone_golem.png"
    },
    "ihay_golem":
    {
      "textures":"textures/items/ihay_golem.png"
    },
    "inetherite_golem":
    {
      "textures":"textures/items/inetherite_golem.png"
    },
    "iglass_golem":
    {
      "textures":"textures/items/iglass_golem.png"
    },
    "ibookshelf_golem":
    {
      "textures":"textures/items/ibookshelf_golem.png"
    }
  }
}