{
  "format_version": "1.13.0",
  "minecraft:entity": {
    "description": {
      "identifier": "minecraft:iron_golem",
      "is_spawnable": false,
      "is_summonable": true,
      "is_experimental": false,
			"scripts": {
				"animate": [
					"killegg"
				]
			},
			"animations": {
				"killegg": "controller.animation.killegg"
			}
    },

    "component_groups": {
        
      "coalg": {
        "minecraft:variant": {
          "value": 1
        },
      "minecraft:type_family": {
        "family": [ "irongolem", "mob", "coalg"]
      },
      "minecraft:nameable": {
      },
      "minecraft:collision_box": {
        "width": 1.4,
        "height": 2.9
      },
      "minecraft:loot": {
        "table": "loot_tables/entities/coalB.json"
      },
      "minecraft:health": {
        "value": 80,
        "max": 80
      },
      "minecraft:hurt_on_condition": {
        "damage_conditions": [
          {
            "filters": { "test": "in_lava", "subject": "self", "operator": "==", "value": true },
            "cause": "lava",
            "damage_per_tick": 4
          }
        ]
      },
      "minecraft:movement": {
        "value": 0.25
      },
      "minecraft:attack": {
        "damage": {
          "range_min": 4,
          "range_max": 12
        }
      }
    },
      "cobblestoneg": {
        "minecraft:variant": {
          "value": 2
        },
      "minecraft:type_family": {
        "family": [ "irongolem", "mob", "cobblestoneg"]
      },
      "minecraft:nameable": {
      },
      "minecraft:collision_box": {
        "width": 1.4,
        "height": 2.9
      },
      "minecraft:loot": {
        "table": "loot_tables/entities/cobblestoneB.json"
      },
      "minecraft:health": {
        "value": 80,
        "max": 80
      },
      "minecraft:hurt_on_condition": {
        "damage_conditions": [
          {
            "filters": { "test": "in_lava", "subject": "self", "operator": "==", "value": true },
            "cause": "lava",
            "damage_per_tick": 4
          }
        ]
      },
      "minecraft:movement": {
        "value": 0.25
      },
      "minecraft:attack": {
        "damage": {
          "range_min": 4,
          "range_max": 12
        }
      }
    },
      "diamondg": {
        "minecraft:variant": {
          "value": 3
        },
      "minecraft:type_family": {
        "family": [ "irongolem", "mob", "diamondg"]
      },
      "minecraft:nameable": {
      },
      "minecraft:collision_box": {
        "width": 1.4,
        "height": 2.9
      },
      "minecraft:loot": {
        "table": "loot_tables/entities/diamondB.json"
      },
      "minecraft:health": {
        "value": 120,
        "max": 120
      },
      "minecraft:hurt_on_condition": {
        "damage_conditions": [
          {
            "filters": { "test": "in_lava", "subject": "self", "operator": "==", "value": true },
            "cause": "lava",
            "damage_per_tick": 4
          }
        ]
      },
      "minecraft:movement": {
        "value": 0.22
      },
      "minecraft:attack": {
        "damage": {
          "range_min": 9,
          "range_max": 27
        }
      }
    },
      "dirtg": {
        "minecraft:variant": {
          "value": 4
        },
      "minecraft:type_family": {
        "family": [ "irongolem", "mob", "dirtg"]
      },
      "minecraft:nameable": {
      },
      "minecraft:collision_box": {
        "width": 1.4,
        "height": 2.9
      },
      "minecraft:loot": {
        "table": "loot_tables/entities/dirtB.json"
      },
      "minecraft:health": {
        "value": 60,
        "max": 60
      },
      "minecraft:hurt_on_condition": {
        "damage_conditions": [
          {
            "filters": { "test": "in_lava", "subject": "self", "operator": "==", "value": true },
            "cause": "lava",
            "damage_per_tick": 4
          }
        ]
      },
      "minecraft:movement": {
        "value": 0.25
      },
      "minecraft:attack": {
        "damage": {
          "range_min": 3,
          "range_max": 9
        }
      }
    },
      "endg": {
        "minecraft:variant": {
          "value": 5
        },
      "minecraft:type_family": {
        "family": [ "irongolem", "mob", "endg"]
      },
      "minecraft:nameable": {
      },
      "minecraft:collision_box": {
        "width": 1.4,
        "height": 2.9
      },
      "minecraft:loot": {
        "table": "loot_tables/entities/endB.json"
      },
      "minecraft:health": {
        "value": 110,
        "max": 110
      },
      "minecraft:hurt_on_condition": {
        "damage_conditions": [
          {
            "filters": { "test": "in_lava", "subject": "self", "operator": "==", "value": true },
            "cause": "lava",
            "damage_per_tick": 4
          }
        ]
      },
      "minecraft:movement": {
        "value": 0.26
      },
      "minecraft:attack": {
        "damage": {
          "range_min": 7,
          "range_max": 21
        }
      }
    },
      "glowstoneg": {
        "minecraft:variant": {
          "value": 6
        },
      "minecraft:type_family": {
        "family": [ "irongolem", "mob", "glowstoneg"]
      },
      "minecraft:nameable": {
      },
      "minecraft:collision_box": {
        "width": 1.4,
        "height": 2.9
      },
      "minecraft:loot": {
        "table": "loot_tables/entities/glowstoneB.json"
      },
      "minecraft:health": {
        "value": 90,
        "max": 90
      },
      "minecraft:hurt_on_condition": {
        "damage_conditions": [
          {
            "filters": { "test": "in_water", "subject": "self", "operator": "==", "value": true },
            "cause": "lava",
            "damage_per_tick": 4
          }
        ]
      },
      "minecraft:movement": {
        "value": 0.25
      },
      "minecraft:attack": {
        "damage": {
          "range_min": 6,
          "range_max": 18
        }
      }
    },
      "goldg": {
        "minecraft:variant": {
          "value": 7
        },
      "minecraft:type_family": {
        "family": [ "irongolem", "mob", "goldg"]
      },
      "minecraft:nameable": {
      },
      "minecraft:collision_box": {
        "width": 1.4,
        "height": 2.9
      },
      "minecraft:loot": {
        "table": "loot_tables/entities/goldB.json"
      },
      "minecraft:health": {
        "value": 80,
        "max": 80
      },
      "minecraft:hurt_on_condition": {
        "damage_conditions": [
          {
            "filters": { "test": "in_lava", "subject": "self", "operator": "==", "value": true },
            "cause": "lava",
            "damage_per_tick": 4
          }
        ]
      },
      "minecraft:movement": {
        "value": 0.24
      },
      "minecraft:attack": {
        "damage": {
          "range_min": 5,
          "range_max": 15
        }
      }
    },
      "grassg": {
        "minecraft:variant": {
          "value": 8
        },
      "minecraft:type_family": {
        "family": [ "irongolem", "mob", "grassg"]
      },
      "minecraft:nameable": {
      },
      "minecraft:collision_box": {
        "width": 1.4,
        "height": 2.9
      },
      "minecraft:loot": {
        "table": "loot_tables/entities/grassB.json"
      },
      "minecraft:health": {
        "value": 70,
        "max": 70
      },
      "minecraft:hurt_on_condition": {
        "damage_conditions": [
          {
            "filters": { "test": "in_lava", "subject": "self", "operator": "==", "value": true },
            "cause": "lava",
            "damage_per_tick": 4
          }
        ]
      },
      "minecraft:movement": {
        "value": 0.25
      },
      "minecraft:attack": {
        "damage": {
          "range_min": 4,
          "range_max": 12
        }
      }
    },
      "lapisg": {
        "minecraft:variant": {
          "value": 9
        },
      "minecraft:type_family": {
        "family": [ "irongolem", "mob", "lapisg"]
      },
      "minecraft:nameable": {
      },
      "minecraft:collision_box": {
        "width": 1.4,
        "height": 2.9
      },
      "minecraft:loot": {
        "table": "loot_tables/entities/lapisB.json"
      },
      "minecraft:health": {
        "value": 80,
        "max": 80
      },
      "minecraft:hurt_on_condition": {
        "damage_conditions": [
          {
            "filters": { "test": "in_lava", "subject": "self", "operator": "==", "value": true },
            "cause": "lava",
            "damage_per_tick": 4
          }
        ]
      },
      "minecraft:movement": {
        "value": 0.25
      },
      "minecraft:attack": {
        "damage": {
          "range_min": 5,
          "range_max": 15
        }
      }
    },
    
      "logacaciag": {
        "minecraft:variant": {
          "value": 10
        },
      "minecraft:type_family": {
        "family": [ "irongolem", "mob", "logacaciag"]
      },
      "minecraft:nameable": {
      },
      "minecraft:collision_box": {
        "width": 1.4,
        "height": 2.9
      },
      "minecraft:loot": {
        "table": "loot_tables/entities/logacaciaB.json"
      },
      "minecraft:health": {
        "value": 70,
        "max": 70
      },
      "minecraft:hurt_on_condition": {
        "damage_conditions": [
          {
            "filters": { "test": "in_lava", "subject": "self", "operator": "==", "value": true },
            "cause": "lava",
            "damage_per_tick": 8
          }
        ]
      },
      "minecraft:movement": {
        "value": 0.25
      },
      "minecraft:attack": {
        "damage": {
          "range_min": 4,
          "range_max": 12
        }
      }
    },
      "logbigoakg": {
        "minecraft:variant": {
          "value": 11
        },
      "minecraft:type_family": {
        "family": [ "irongolem", "mob", "logbigoakg"]
      },
      "minecraft:nameable": {
      },
      "minecraft:collision_box": {
        "width": 1.4,
        "height": 2.9
      },
      "minecraft:loot": {
        "table": "loot_tables/entities/logbigoakB.json"
      },
      "minecraft:health": {
        "value": 70,
        "max": 70
      },
      "minecraft:hurt_on_condition": {
        "damage_conditions": [
          {
            "filters": { "test": "in_lava", "subject": "self", "operator": "==", "value": true },
            "cause": "lava",
            "damage_per_tick": 8
          }
        ]
      },
      "minecraft:movement": {
        "value": 0.25
      },
      "minecraft:attack": {
        "damage": {
          "range_min": 4,
          "range_max": 12
        }
      }
    },
      "logbirchg": {
        "minecraft:variant": {
          "value": 12
        },
      "minecraft:type_family": {
        "family": [ "irongolem", "mob", "logbirchg"]
      },
      "minecraft:nameable": {
      },
      "minecraft:collision_box": {
        "width": 1.4,
        "height": 2.9
      },
      "minecraft:loot": {
        "table": "loot_tables/entities/logbirchB.json"
      },
      "minecraft:health": {
        "value": 70,
        "max": 70
      },
      "minecraft:hurt_on_condition": {
        "damage_conditions": [
          {
            "filters": { "test": "in_lava", "subject": "self", "operator": "==", "value": true },
            "cause": "lava",
            "damage_per_tick": 8
          }
        ]
      },
      "minecraft:movement": {
        "value": 0.25
      },
      "minecraft:attack": {
        "damage": {
          "range_min": 4,
          "range_max": 12
        }
      }
    },
      "logjungleg": {
        "minecraft:variant": {
          "value": 13
        },
      "minecraft:type_family": {
        "family": [ "irongolem", "mob", "logjungleg"]
      },
      "minecraft:nameable": {
      },
      "minecraft:collision_box": {
        "width": 1.4,
        "height": 2.9
      },
      "minecraft:loot": {
        "table": "loot_tables/entities/logjungleB.json"
      },
      "minecraft:health": {
        "value": 70,
        "max": 70
      },
      "minecraft:hurt_on_condition": {
        "damage_conditions": [
          {
            "filters": { "test": "in_lava", "subject": "self", "operator": "==", "value": true },
            "cause": "lava",
            "damage_per_tick": 8
          }
        ]
      },
      "minecraft:movement": {
        "value": 0.25
      },
      "minecraft:attack": {
        "damage": {
          "range_min": 4,
          "range_max": 12
        }
      }
    },
      "logoakg": {
        "minecraft:variant": {
          "value": 14
        },
      "minecraft:type_family": {
        "family": [ "irongolem", "mob", "logoakg"]
      },
      "minecraft:nameable": {
      },
      "minecraft:collision_box": {
        "width": 1.4,
        "height": 2.9
      },
      "minecraft:loot": {
        "table": "loot_tables/entities/logoakB.json"
      },
      "minecraft:health": {
        "value": 70,
        "max": 70
      },
      "minecraft:hurt_on_condition": {
        "damage_conditions": [
          {
            "filters": { "test": "in_lava", "subject": "self", "operator": "==", "value": true },
            "cause": "lava",
            "damage_per_tick": 8
          }
        ]
      },
      "minecraft:movement": {
        "value": 0.25
      },
      "minecraft:attack": {
        "damage": {
          "range_min": 4,
          "range_max": 12
        }
      }
    },
      "logspruceg": {
        "minecraft:variant": {
          "value": 15
        },
      "minecraft:type_family": {
        "family": [ "irongolem", "mob", "logspruceg"]
      },
      "minecraft:nameable": {
      },
      "minecraft:collision_box": {
        "width": 1.4,
        "height": 2.9
      },
      "minecraft:loot": {
        "table": "loot_tables/entities/logspruceB.json"
      },
      "minecraft:health": {
        "value": 70,
        "max": 70
      },
      "minecraft:hurt_on_condition": {
        "damage_conditions": [
          {
            "filters": { "test": "in_lava", "subject": "self", "operator": "==", "value": true },
            "cause": "lava",
            "damage_per_tick": 8
          }
        ]
      },
      "minecraft:movement": {
        "value": 0.25
      },
      "minecraft:attack": {
        "damage": {
          "range_min": 4,
          "range_max": 12
        }
      }
    },
    
      "magmag": {
        "minecraft:variant": {
          "value": 16
        },
      "minecraft:type_family": {
        "family": [ "irongolem", "mob", "magmag"]
      },
      "minecraft:nameable": {
      },
      "minecraft:collision_box": {
        "width": 1.4,
        "height": 2.9
      },
      "minecraft:loot": {
        "table": "loot_tables/entities/magmaB.json"
      },
      "minecraft:health": {
        "value": 90,
        "max": 90
      },
      "minecraft:hurt_on_condition": {
        "damage_conditions": [
          {
            "filters": { "test": "in_water", "subject": "self", "operator": "==", "value": true },
            "cause": "lava",
            "damage_per_tick": 10
          }
        ]
      },
      "minecraft:movement": {
        "value": 0.25
      },
      "minecraft:attack": {
        "damage": {
          "range_min": 4,
          "range_max": 12
        }
      }
    },
      "melong": {
        "minecraft:variant": {
          "value": 17
        },
      "minecraft:type_family": {
        "family": [ "irongolem", "mob", "melong"]
      },
      "minecraft:nameable": {
      },
      "minecraft:collision_box": {
        "width": 1.4,
        "height": 2.9
      },
      "minecraft:loot": {
        "table": "loot_tables/entities/melonB.json"
      },
      "minecraft:health": {
        "value": 60,
        "max": 60
      },
      "minecraft:hurt_on_condition": {
        "damage_conditions": [
          {
            "filters": { "test": "in_lava", "subject": "self", "operator": "==", "value": true },
            "cause": "lava",
            "damage_per_tick": 4
          }
        ]
      },
      "minecraft:movement": {
        "value": 0.24
      },
      "minecraft:attack": {
        "damage": {
          "range_min": 4,
          "range_max": 12
        }
      }
    },
      "netherrackg": {
        "minecraft:variant": {
          "value": 18
        },
      "minecraft:type_family": {
        "family": [ "irongolem", "mob", "netherrackg"]
      },
      "minecraft:nameable": {
      },
      "minecraft:collision_box": {
        "width": 1.4,
        "height": 2.9
      },
      "minecraft:loot": {
        "table": "loot_tables/entities/netherrackB.json"
      },
      "minecraft:health": {
        "value": 80,
        "max": 80
      },
      "minecraft:hurt_on_condition": {
        "damage_conditions": [
          {
            "filters": { "test": "in_lava", "subject": "self", "operator": "==", "value": true },
            "cause": "lava",
            "damage_per_tick": 4
          }
        ]
      },
      "minecraft:movement": {
        "value": 0.25
      },
      "minecraft:attack": {
        "damage": {
          "range_min": 6,
          "range_max": 18
        }
      }
    },
      "obsidiang": {
        "minecraft:variant": {
          "value": 19
        },
      "minecraft:type_family": {
        "family": [ "irongolem", "mob", "obsidiang"]
      },
      "minecraft:nameable": {
      },
      "minecraft:collision_box": {
        "width": 1.4,
        "height": 2.9
      },
      "minecraft:loot": {
        "table": "loot_tables/entities/obsidianB.json"
      },
      "minecraft:health": {
        "value": 110,
        "max": 110
      },
      "minecraft:hurt_on_condition": {
        "damage_conditions": [
          {
            "filters": { "test": "in_lava", "subject": "self", "operator": "==", "value": true },
            "cause": "lava",
            "damage_per_tick": 0
          }
        ]
      },
      "minecraft:movement": {
        "value": 0.23
      },
      "minecraft:attack": {
        "damage": {
          "range_min": 9,
          "range_max": 27
        }
      }
    },
    
      "plankacaciag": {
        "minecraft:variant": {
          "value": 20
        },
      "minecraft:type_family": {
        "family": [ "irongolem", "mob", "plankacaciag"]
      },
      "minecraft:nameable": {
      },
      "minecraft:collision_box": {
        "width": 1.4,
        "height": 2.9
      },
      "minecraft:loot": {
        "table": "loot_tables/entities/plankacaciaB.json"
      },
      "minecraft:health": {
        "value": 70,
        "max": 70
      },
      "minecraft:hurt_on_condition": {
        "damage_conditions": [
          {
            "filters": { "test": "in_lava", "subject": "self", "operator": "==", "value": true },
            "cause": "lava",
            "damage_per_tick": 8
          }
        ]
      },
      "minecraft:movement": {
        "value": 0.25
      },
      "minecraft:attack": {
        "damage": {
          "range_min": 4,
          "range_max": 12
        }
      }
    },
      "plankbigoakg": {
        "minecraft:variant": {
          "value": 21
        },
      "minecraft:type_family": {
        "family": [ "irongolem", "mob", "plankbigoakg"]
      },
      "minecraft:nameable": {
      },
      "minecraft:collision_box": {
        "width": 1.4,
        "height": 2.9
      },
      "minecraft:loot": {
        "table": "loot_tables/entities/plankbigoakB.json"
      },
      "minecraft:health": {
        "value": 70,
        "max": 70
      },
      "minecraft:hurt_on_condition": {
        "damage_conditions": [
          {
            "filters": { "test": "in_lava", "subject": "self", "operator": "==", "value": true },
            "cause": "lava",
            "damage_per_tick": 8
          }
        ]
      },
      "minecraft:movement": {
        "value": 0.25
      },
      "minecraft:attack": {
        "damage": {
          "range_min": 4,
          "range_max": 12
        }
      }
    },
      "plankbirchg": {
        "minecraft:variant": {
          "value": 22
        },
      "minecraft:type_family": {
        "family": [ "irongolem", "mob", "plankbirchg"]
      },
      "minecraft:nameable": {
      },
      "minecraft:collision_box": {
        "width": 1.4,
        "height": 2.9
      },
      "minecraft:loot": {
        "table": "loot_tables/entities/plankbirchB.json"
      },
      "minecraft:health": {
        "value": 70,
        "max": 70
      },
      "minecraft:hurt_on_condition": {
        "damage_conditions": [
          {
            "filters": { "test": "in_lava", "subject": "self", "operator": "==", "value": true },
            "cause": "lava",
            "damage_per_tick": 8
          }
        ]
      },
      "minecraft:movement": {
        "value": 0.25
      },
      "minecraft:attack": {
        "damage": {
          "range_min": 4,
          "range_max": 12
        }
      }
    },
      "plankjungleg": {
        "minecraft:variant": {
          "value": 23
        },
      "minecraft:type_family": {
        "family": [ "irongolem", "mob", "plankjungleg"]
      },
      "minecraft:nameable": {
      },
      "minecraft:collision_box": {
        "width": 1.4,
        "height": 2.9
      },
      "minecraft:loot": {
        "table": "loot_tables/entities/plankjungleB.json"
      },
      "minecraft:health": {
        "value": 70,
        "max": 70
      },
      "minecraft:hurt_on_condition": {
        "damage_conditions": [
          {
            "filters": { "test": "in_lava", "subject": "self", "operator": "==", "value": true },
            "cause": "lava",
            "damage_per_tick": 8
          }
        ]
      },
      "minecraft:movement": {
        "value": 0.25
      },
      "minecraft:attack": {
        "damage": {
          "range_min": 4,
          "range_max": 12
        }
      }
    },
      "plankoakg": {
        "minecraft:variant": {
          "value": 24
        },
      "minecraft:type_family": {
        "family": [ "irongolem", "mob", "plankoakg"]
      },
      "minecraft:nameable": {
      },
      "minecraft:collision_box": {
        "width": 1.4,
        "height": 2.9
      },
      "minecraft:loot": {
        "table": "loot_tables/entities/plankoakB.json"
      },
      "minecraft:health": {
        "value": 70,
        "max": 70
      },
      "minecraft:hurt_on_condition": {
        "damage_conditions": [
          {
            "filters": { "test": "in_lava", "subject": "self", "operator": "==", "value": true },
            "cause": "lava",
            "damage_per_tick": 8
          }
        ]
      },
      "minecraft:movement": {
        "value": 0.25
      },
      "minecraft:attack": {
        "damage": {
          "range_min": 4,
          "range_max": 12
        }
      }
    },
      "plankspruceg": {
        "minecraft:variant": {
          "value": 25
        },
      "minecraft:type_family": {
        "family": [ "irongolem", "mob", "plankspruceg"]
      },
      "minecraft:nameable": {
      },
      "minecraft:collision_box": {
        "width": 1.4,
        "height": 2.9
      },
      "minecraft:loot": {
        "table": "loot_tables/entities/plankspruceB.json"
      },
      "minecraft:health": {
        "value": 70,
        "max": 70
      },
      "minecraft:hurt_on_condition": {
        "damage_conditions": [
          {
            "filters": { "test": "in_lava", "subject": "self", "operator": "==", "value": true },
            "cause": "lava",
            "damage_per_tick": 8
          }
        ]
      },
      "minecraft:movement": {
        "value": 0.25
      },
      "minecraft:attack": {
        "damage": {
          "range_min": 4,
          "range_max": 12
        }
      }
    },
    
      "pumpking": {
        "minecraft:variant": {
          "value": 26
        },
      "minecraft:type_family": {
        "family": [ "irongolem", "mob", "pumpking"]
      },
      "minecraft:nameable": {
      },
      "minecraft:collision_box": {
        "width": 1.4,
        "height": 2.9
      },
      "minecraft:loot": {
        "table": "loot_tables/entities/pumpkinB.json"
      },
      "minecraft:health": {
        "value": 60,
        "max": 60
      },
      "minecraft:hurt_on_condition": {
        "damage_conditions": [
          {
            "filters": { "test": "in_lava", "subject": "self", "operator": "==", "value": true },
            "cause": "lava",
            "damage_per_tick": 4
          }
        ]
      },
      "minecraft:movement": {
        "value": 0.24
      },
      "minecraft:attack": {
        "damage": {
          "range_min": 4,
          "range_max": 12
        }
      }
    },
      "quartzg": {
        "minecraft:variant": {
          "value": 27
        },
      "minecraft:type_family": {
        "family": [ "irongolem", "mob", "quartzg"]
      },
      "minecraft:nameable": {
      },
      "minecraft:collision_box": {
        "width": 1.4,
        "height": 2.9
      },
      "minecraft:loot": {
        "table": "loot_tables/entities/quartzB.json"
      },
      "minecraft:health": {
        "value": 80,
        "max": 80
      },
      "minecraft:hurt_on_condition": {
        "damage_conditions": [
          {
            "filters": { "test": "in_lava", "subject": "self", "operator": "==", "value": true },
            "cause": "lava",
            "damage_per_tick": 4
          }
        ]
      },
      "minecraft:movement": {
        "value": 0.25
      },
      "minecraft:attack": {
        "damage": {
          "range_min": 6,
          "range_max": 18
        }
      }
    },
      "redstoneg": {
        "minecraft:variant": {
          "value": 28
        },
      "minecraft:type_family": {
        "family": [ "irongolem", "mob", "redstoneg"]
      },
      "minecraft:nameable": {
      },
      "minecraft:collision_box": {
        "width": 1.4,
        "height": 2.9
      },
      "minecraft:loot": {
        "table": "loot_tables/entities/redstoneB.json"
      },
      "minecraft:health": {
        "value": 80,
        "max": 80
      },
      "minecraft:hurt_on_condition": {
        "damage_conditions": [
          {
            "filters": { "test": "in_lava", "subject": "self", "operator": "==", "value": true },
            "cause": "lava",
            "damage_per_tick": 4
          }
        ]
      },
      "minecraft:movement": {
        "value": 0.25
      },
      "minecraft:attack": {
        "damage": {
          "range_min": 6,
          "range_max": 18
        }
      }
    },
      "sandg": {
        "minecraft:variant": {
          "value": 29
        },
      "minecraft:type_family": {
        "family": [ "irongolem", "mob", "sandg"]
      },
      "minecraft:nameable": {
      },
      "minecraft:collision_box": {
        "width": 1.4,
        "height": 2.9
      },
      "minecraft:loot": {
        "table": "loot_tables/entities/sandB.json"
      },
      "minecraft:health": {
        "value": 90,
        "max": 90
      },
      "minecraft:hurt_on_condition": {
        "damage_conditions": [
          {
            "filters": { "test": "in_lava", "subject": "self", "operator": "==", "value": true },
            "cause": "lava",
            "damage_per_tick": 4
          }
        ]
      },
      "minecraft:movement": {
        "value": 0.25
      },
      "minecraft:attack": {
        "damage": {
          "range_min": 6,
          "range_max": 18
        }
      }
    },
      "slimeg": {
        "minecraft:variant": {
          "value": 30
        },
      "minecraft:type_family": {
        "family": [ "irongolem", "mob", "slimeg"]
      },
      "minecraft:nameable": {
      },
      "minecraft:collision_box": {
        "width": 1.4,
        "height": 2.9
      },
      "minecraft:loot": {
        "table": "loot_tables/entities/slimeB.json"
      },
      "minecraft:health": {
        "value": 60,
        "max": 60
      },
      "minecraft:hurt_on_condition": {
        "damage_conditions": [
          {
            "filters": { "test": "in_lava", "subject": "self", "operator": "==", "value": true },
            "cause": "lava",
            "damage_per_tick": 1
          }
        ]
      },
      "minecraft:movement": {
        "value": 0.26
      },
      "minecraft:attack": {
        "damage": {
          "range_min": 4,
          "range_max": 12
        }
      }
    },
      "stoneg": {
        "minecraft:variant": {
          "value": 31
        },
      "minecraft:type_family": {
        "family": [ "irongolem", "mob", "stoneg"]
      },
      "minecraft:nameable": {
      },
      "minecraft:collision_box": {
        "width": 1.4,
        "height": 2.9
      },
      "minecraft:loot": {
        "table": "loot_tables/entities/stoneB.json"
      },
      "minecraft:health": {
        "value": 70,
        "max": 70
      },
      "minecraft:hurt_on_condition": {
        "damage_conditions": [
          {
            "filters": { "test": "in_lava", "subject": "self", "operator": "==", "value": true },
            "cause": "lava",
            "damage_per_tick": 4
          }
        ]
      },
      "minecraft:movement": {
        "value": 0.25
      },
      "minecraft:attack": {
        "damage": {
          "range_min": 6,
          "range_max": 18
        }
      }
    },
        
      "bookshelfg": {
        "minecraft:variant": {
          "value": 56
        },
      "minecraft:type_family": {
        "family": [ "irongolem", "mob", "bookshelfg"]
      },
      "minecraft:nameable": {
      },
      "minecraft:collision_box": {
        "width": 1.4,
        "height": 2.9
      },
      "minecraft:loot": {
        "table": "loot_tables/entities/bookshelfB.json"
      },
      "minecraft:health": {
        "value": 60,
        "max": 60
      },
      "minecraft:hurt_on_condition": {
        "damage_conditions": [
          {
            "filters": { "test": "in_lava", "subject": "self", "operator": "==", "value": true },
            "cause": "lava",
            "damage_per_tick": 8
          }
        ]
      },
      "minecraft:movement": {
        "value": 0.26
      },
      "minecraft:attack": {
        "damage": {
          "range_min": 3,
          "range_max": 9
        }
      }
    },
      "glassg": {
        "minecraft:variant": {
          "value": 55
        },
      "minecraft:type_family": {
        "family": [ "irongolem", "mob", "glassg"]
      },
      "minecraft:nameable": {
      },
      "minecraft:collision_box": {
        "width": 1.4,
        "height": 2.9
      },
      "minecraft:loot": {
        "table": "loot_tables/entities/glassB.json"
      },
      "minecraft:health": {
        "value": 40,
        "max": 40
      },
      "minecraft:hurt_on_condition": {
        "damage_conditions": [
          {
            "filters": { "test": "in_lava", "subject": "self", "operator": "==", "value": true },
            "cause": "lava",
            "damage_per_tick": 2
          }
        ]
      },
      "minecraft:movement": {
        "value": 0.25
      },
      "minecraft:attack": {
        "damage": {
          "range_min": 3,
          "range_max": 9
        }
      }
    },
      "netheriteg": {
        "minecraft:variant": {
          "value": 54
        },
      "minecraft:type_family": {
        "family": [ "irongolem", "mob", "netheriteg"]
      },
      "minecraft:nameable": {
      },
      "minecraft:collision_box": {
        "width": 1.4,
        "height": 2.9
      },
      "minecraft:loot": {
        "table": "loot_tables/entities/netheriteB.json"
      },
      "minecraft:health": {
        "value": 110,
        "max": 110
      },
      "minecraft:hurt_on_condition": {
        "damage_conditions": [
          {
            "filters": { "test": "in_lava", "subject": "self", "operator": "==", "value": true },
            "cause": "lava",
            "damage_per_tick": 0
          }
        ]
      },
      "minecraft:movement": {
        "value": 0.27
      },
      "minecraft:attack": {
        "damage": {
          "range_min": 6,
          "range_max": 18
        }
      }
    },
      "hayg": {
        "minecraft:variant": {
          "value": 53
        },
      "minecraft:type_family": {
        "family": [ "irongolem", "mob", "hayg"]
      },
      "minecraft:nameable": {
      },
      "minecraft:collision_box": {
        "width": 1.4,
        "height": 2.9
      },
      "minecraft:loot": {
        "table": "loot_tables/entities/hayB.json"
      },
      "minecraft:health": {
        "value": 40,
        "max": 40
      },
      "minecraft:hurt_on_condition": {
        "damage_conditions": [
          {
            "filters": { "test": "in_lava", "subject": "self", "operator": "==", "value": true },
            "cause": "lava",
            "damage_per_tick": 8
          }
        ]
      },
      "minecraft:movement": {
        "value": 0.24
      },
      "minecraft:attack": {
        "damage": {
          "range_min": 4,
          "range_max": 12
        }
      }
    },
      "blackstoneg": {
        "minecraft:variant": {
          "value": 52
        },
      "minecraft:type_family": {
        "family": [ "irongolem", "mob", "blackstoneg"]
      },
      "minecraft:nameable": {
      },
      "minecraft:collision_box": {
        "width": 1.4,
        "height": 2.9
      },
      "minecraft:loot": {
        "table": "loot_tables/entities/blackstoneB.json"
      },
      "minecraft:health": {
        "value": 80,
        "max": 80
      },
      "minecraft:hurt_on_condition": {
        "damage_conditions": [
          {
            "filters": { "test": "in_lava", "subject": "self", "operator": "==", "value": true },
            "cause": "lava",
            "damage_per_tick": 1
          }
        ]
      },
      "minecraft:movement": {
        "value": 0.25
      },
      "minecraft:attack": {
        "damage": {
          "range_min": 6,
          "range_max": 18
        }
      }
    },
      "netherbrickg": {
        "minecraft:variant": {
          "value": 51
        },
      "minecraft:type_family": {
        "family": [ "irongolem", "mob", "netherbrickg"]
      },
      "minecraft:nameable": {
      },
      "minecraft:collision_box": {
        "width": 1.4,
        "height": 2.9
      },
      "minecraft:loot": {
        "table": "loot_tables/entities/netherbrickB.json"
      },
      "minecraft:health": {
        "value": 80,
        "max": 80
      },
      "minecraft:hurt_on_condition": {
        "damage_conditions": [
          {
            "filters": { "test": "in_lava", "subject": "self", "operator": "==", "value": true },
            "cause": "lava",
            "damage_per_tick": 2
          }
        ]
      },
      "minecraft:movement": {
        "value": 0.25
      },
      "minecraft:attack": {
        "damage": {
          "range_min": 4,
          "range_max": 12
        }
      }
    },
      "honeyg": {
        "minecraft:variant": {
          "value": 50
        },
      "minecraft:type_family": {
        "family": [ "irongolem", "mob", "honeyg"]
      },
      "minecraft:nameable": {
      },
      "minecraft:collision_box": {
        "width": 1.4,
        "height": 2.9
      },
      "minecraft:loot": {
        "table": "loot_tables/entities/honeyB.json"
      },
      "minecraft:health": {
        "value": 60,
        "max": 60
      },
      "minecraft:hurt_on_condition": {
        "damage_conditions": [
          {
            "filters": { "test": "in_lava", "subject": "self", "operator": "==", "value": true },
            "cause": "lava",
            "damage_per_tick": 4
          }
        ]
      },
      "minecraft:movement": {
        "value": 0.25
      },
      "minecraft:attack": {
        "damage": {
          "range_min": 4,
          "range_max": 12
        }
      }
    },
      "endbrickg": {
        "minecraft:variant": {
          "value": 49
        },
      "minecraft:type_family": {
        "family": [ "irongolem", "mob", "endbrickg"]
      },
      "minecraft:nameable": {
      },
      "minecraft:collision_box": {
        "width": 1.4,
        "height": 2.9
      },
      "minecraft:loot": {
        "table": "loot_tables/entities/endbrickB.json"
      },
      "minecraft:health": {
        "value": 80,
        "max": 80
      },
      "minecraft:hurt_on_condition": {
        "damage_conditions": [
          {
            "filters": { "test": "in_lava", "subject": "self", "operator": "==", "value": true },
            "cause": "lava",
            "damage_per_tick": 4
          }
        ]
      },
      "minecraft:movement": {
        "value": 0.25
      },
      "minecraft:attack": {
        "damage": {
          "range_min": 4,
          "range_max": 12
        }
      }
    },
      "emeraldg": {
        "minecraft:variant": {
          "value": 48
        },
      "minecraft:type_family": {
        "family": [ "irongolem", "mob", "emeraldg"]
      },
      "minecraft:nameable": {
      },
      "minecraft:collision_box": {
        "width": 1.4,
        "height": 2.9
      },
      "minecraft:loot": {
        "table": "loot_tables/entities/emeraldB.json"
      },
      "minecraft:health": {
        "value": 90,
        "max": 90
      },
      "minecraft:hurt_on_condition": {
        "damage_conditions": [
          {
            "filters": { "test": "in_lava", "subject": "self", "operator": "==", "value": true },
            "cause": "lava",
            "damage_per_tick": 4
          }
        ]
      },
      "minecraft:movement": {
        "value": 0.25
      },
      "minecraft:attack": {
        "damage": {
          "range_min": 4,
          "range_max": 12
        }
      }
    },
      "kelpg": {
        "minecraft:variant": {
          "value": 47
        },
      "minecraft:type_family": {
        "family": [ "irongolem", "mob", "kelpg"]
      },
      "minecraft:nameable": {
      },
      "minecraft:collision_box": {
        "width": 1.4,
        "height": 2.9
      },
      "minecraft:loot": {
        "table": "loot_tables/entities/kelpB.json"
      },
      "minecraft:health": {
        "value": 60,
        "max": 60
      },
      "minecraft:hurt_on_condition": {
        "damage_conditions": [
          {
            "filters": { "test": "in_lava", "subject": "self", "operator": "==", "value": true },
            "cause": "lava",
            "damage_per_tick": 4
          }
        ]
      },
      "minecraft:movement": {
        "value": 0.25
      },
      "minecraft:attack": {
        "damage": {
          "range_min": 4,
          "range_max": 12
        }
      }
    },
      "mossycobblestoneg": {
        "minecraft:variant": {
          "value": 46
        },
      "minecraft:type_family": {
        "family": [ "irongolem", "mob", "mossycobblestoneg"]
      },
      "minecraft:nameable": {
      },
      "minecraft:collision_box": {
        "width": 1.4,
        "height": 2.9
      },
      "minecraft:loot": {
        "table": "loot_tables/entities/mossycobblestoneB.json"
      },
      "minecraft:health": {
        "value": 80,
        "max": 80
      },
      "minecraft:hurt_on_condition": {
        "damage_conditions": [
          {
            "filters": { "test": "in_lava", "subject": "self", "operator": "==", "value": true },
            "cause": "lava",
            "damage_per_tick": 4
          }
        ]
      },
      "minecraft:movement": {
        "value": 0.25
      },
      "minecraft:attack": {
        "damage": {
          "range_min": 4,
          "range_max": 12
        }
      }
    },
      "clayg": {
        "minecraft:variant": {
          "value": 45
        },
      "minecraft:type_family": {
        "family": [ "irongolem", "mob", "clayg"]
      },
      "minecraft:nameable": {
      },
      "minecraft:collision_box": {
        "width": 1.4,
        "height": 2.9
      },
      "minecraft:loot": {
        "table": "loot_tables/entities/clayB.json"
      },
      "minecraft:health": {
        "value": 80,
        "max": 80
      },
      "minecraft:hurt_on_condition": {
        "damage_conditions": [
          {
            "filters": { "test": "in_lava", "subject": "self", "operator": "==", "value": true },
            "cause": "lava",
            "damage_per_tick": 4
          }
        ]
      },
      "minecraft:movement": {
        "value": 0.25
      },
      "minecraft:attack": {
        "damage": {
          "range_min": 5,
          "range_max": 15
        }
      }
    },
      "brickg": {
        "minecraft:variant": {
          "value": 44
        },
      "minecraft:type_family": {
        "family": [ "irongolem", "mob", "brickg"]
      },
      "minecraft:nameable": {
      },
      "minecraft:collision_box": {
        "width": 1.4,
        "height": 2.9
      },
      "minecraft:loot": {
        "table": "loot_tables/entities/brickB.json"
      },
      "minecraft:health": {
        "value": 80,
        "max": 80
      },
      "minecraft:hurt_on_condition": {
        "damage_conditions": [
          {
            "filters": { "test": "in_lava", "subject": "self", "operator": "==", "value": true },
            "cause": "lava",
            "damage_per_tick": 4
          }
        ]
      },
      "minecraft:movement": {
        "value": 0.25
      },
      "minecraft:attack": {
        "damage": {
          "range_min": 4,
          "range_max": 12
        }
      }
    },
      "boneg": {
        "minecraft:variant": {
          "value": 43
        },
      "minecraft:type_family": {
        "family": [ "irongolem", "mob", "boneg"]
      },
      "minecraft:nameable": {
      },
      "minecraft:collision_box": {
        "width": 1.4,
        "height": 2.9
      },
      "minecraft:loot": {
        "table": "loot_tables/entities/boneB.json"
      },
      "minecraft:health": {
        "value": 70,
        "max": 70
      },
      "minecraft:hurt_on_condition": {
        "damage_conditions": [
          {
            "filters": { "test": "in_lava", "subject": "self", "operator": "==", "value": true },
            "cause": "lava",
            "damage_per_tick": 4
          }
        ]
      },
      "minecraft:movement": {
        "value": 0.25
      },
      "minecraft:attack": {
        "damage": {
          "range_min": 6,
          "range_max": 18
        }
      }
    },
      "stonebrickg": {
        "minecraft:variant": {
          "value": 42
        },
      "minecraft:type_family": {
        "family": [ "irongolem", "mob", "stonebrickg"]
      },
      "minecraft:nameable": {
      },
      "minecraft:collision_box": {
        "width": 1.4,
        "height": 2.9
      },
      "minecraft:loot": {
        "table": "loot_tables/entities/stonebrickB.json"
      },
      "minecraft:health": {
        "value": 80,
        "max": 80
      },
      "minecraft:hurt_on_condition": {
        "damage_conditions": [
          {
            "filters": { "test": "in_lava", "subject": "self", "operator": "==", "value": true },
            "cause": "lava",
            "damage_per_tick": 4
          }
        ]
      },
      "minecraft:movement": {
        "value": 0.25
      },
      "minecraft:attack": {
        "damage": {
          "range_min": 6,
          "range_max": 18
        }
      }
    },
      "graniteg": {
        "minecraft:variant": {
          "value": 41
        },
      "minecraft:type_family": {
        "family": [ "irongolem", "mob", "graniteg"]
      },
      "minecraft:nameable": {
      },
      "minecraft:collision_box": {
        "width": 1.4,
        "height": 2.9
      },
      "minecraft:loot": {
        "table": "loot_tables/entities/graniteB.json"
      },
      "minecraft:health": {
        "value": 80,
        "max": 80
      },
      "minecraft:hurt_on_condition": {
        "damage_conditions": [
          {
            "filters": { "test": "in_lava", "subject": "self", "operator": "==", "value": true },
            "cause": "lava",
            "damage_per_tick": 4
          }
        ]
      },
      "minecraft:movement": {
        "value": 0.25
      },
      "minecraft:attack": {
        "damage": {
          "range_min": 4,
          "range_max": 12
        }
      }
    },
      "dioriteg": {
        "minecraft:variant": {
          "value": 40
        },
      "minecraft:type_family": {
        "family": [ "irongolem", "mob", "dioriteg"]
      },
      "minecraft:nameable": {
      },
      "minecraft:collision_box": {
        "width": 1.4,
        "height": 2.9
      },
      "minecraft:loot": {
        "table": "loot_tables/entities/dioriteB.json"
      },
      "minecraft:health": {
        "value": 80,
        "max": 80
      },
      "minecraft:hurt_on_condition": {
        "damage_conditions": [
          {
            "filters": { "test": "in_lava", "subject": "self", "operator": "==", "value": true },
            "cause": "lava",
            "damage_per_tick": 4
          }
        ]
      },
      "minecraft:movement": {
        "value": 0.25
      },
      "minecraft:attack": {
        "damage": {
          "range_min": 4,
          "range_max": 12
        }
      }
    },
      "andesiteg": {
        "minecraft:variant": {
          "value": 39
        },
      "minecraft:type_family": {
        "family": [ "irongolem", "mob", "andesiteg"]
      },
      "minecraft:nameable": {
      },
      "minecraft:collision_box": {
        "width": 1.4,
        "height": 2.9
      },
      "minecraft:loot": {
        "table": "loot_tables/entities/andesiteB.json"
      },
      "minecraft:health": {
        "value": 80,
        "max": 80
      },
      "minecraft:hurt_on_condition": {
        "damage_conditions": [
          {
            "filters": { "test": "in_lava", "subject": "self", "operator": "==", "value": true },
            "cause": "lava",
            "damage_per_tick": 4
          }
        ]
      },
      "minecraft:movement": {
        "value": 0.25
      },
      "minecraft:attack": {
        "damage": {
          "range_min": 4,
          "range_max": 12
        }
      }
    },
      "redsandg": {
        "minecraft:variant": {
          "value": 38
        },
      "minecraft:type_family": {
        "family": [ "irongolem", "mob", "redsandg"]
      },
      "minecraft:nameable": {
      },
      "minecraft:collision_box": {
        "width": 1.4,
        "height": 2.9
      },
      "minecraft:loot": {
        "table": "loot_tables/entities/redsandB.json"
      },
      "minecraft:health": {
        "value": 80,
        "max": 80
      },
      "minecraft:hurt_on_condition": {
        "damage_conditions": [
          {
            "filters": { "test": "in_lava", "subject": "self", "operator": "==", "value": true },
            "cause": "lava",
            "damage_per_tick": 4
          }
        ]
      },
      "minecraft:movement": {
        "value": 0.25
      },
      "minecraft:attack": {
        "damage": {
          "range_min": 4,
          "range_max": 12
        }
      }
    },
      "logcrimsong": {
        "minecraft:variant": {
          "value": 37
        },
      "minecraft:type_family": {
        "family": [ "irongolem", "mob", "logcrimsong"]
      },
      "minecraft:nameable": {
      },
      "minecraft:collision_box": {
        "width": 1.4,
        "height": 2.9
      },
      "minecraft:loot": {
        "table": "loot_tables/entities/logcrimsonB.json"
      },
      "minecraft:health": {
        "value": 80,
        "max": 80
      },
      "minecraft:hurt_on_condition": {
        "damage_conditions": [
          {
            "filters": { "test": "in_lava", "subject": "self", "operator": "==", "value": true },
            "cause": "lava",
            "damage_per_tick": 8
          }
        ]
      },
      "minecraft:movement": {
        "value": 0.25
      },
      "minecraft:attack": {
        "damage": {
          "range_min": 4,
          "range_max": 12
        }
      }
    },
      "logwarpedg": {
        "minecraft:variant": {
          "value": 36
        },
      "minecraft:type_family": {
        "family": [ "irongolem", "mob", "logwarpedg"]
      },
      "minecraft:nameable": {
      },
      "minecraft:collision_box": {
        "width": 1.4,
        "height": 2.9
      },
      "minecraft:loot": {
        "table": "loot_tables/entities/logwarpedB.json"
      },
      "minecraft:health": {
        "value": 80,
        "max": 80
      },
      "minecraft:hurt_on_condition": {
        "damage_conditions": [
          {
            "filters": { "test": "in_lava", "subject": "self", "operator": "==", "value": true },
            "cause": "lava",
            "damage_per_tick": 8
          }
        ]
      },
      "minecraft:movement": {
        "value": 0.25
      },
      "minecraft:attack": {
        "damage": {
          "range_min": 4,
          "range_max": 12
        }
      }
    },
      "plankcrimsong": {
        "minecraft:variant": {
          "value": 35
        },
      "minecraft:type_family": {
        "family": [ "irongolem", "mob", "plankcrimsong"]
      },
      "minecraft:nameable": {
      },
      "minecraft:collision_box": {
        "width": 1.4,
        "height": 2.9
      },
      "minecraft:loot": {
        "table": "loot_tables/entities/plankcrimsonB.json"
      },
      "minecraft:health": {
        "value": 80,
        "max": 80
      },
      "minecraft:hurt_on_condition": {
        "damage_conditions": [
          {
            "filters": { "test": "in_lava", "subject": "self", "operator": "==", "value": true },
            "cause": "lava",
            "damage_per_tick": 8
          }
        ]
      },
      "minecraft:movement": {
        "value": 0.25
      },
      "minecraft:attack": {
        "damage": {
          "range_min": 4,
          "range_max": 12
        }
      }
    },
      "plankwarpedg": {
        "minecraft:variant": {
          "value": 34
        },
      "minecraft:type_family": {
        "family": [ "irongolem", "mob", "plankwarpedg"]
      },
      "minecraft:nameable": {
      },
      "minecraft:collision_box": {
        "width": 1.4,
        "height": 2.9
      },
      "minecraft:loot": {
        "table": "loot_tables/entities/plankwarpedB.json"
      },
      "minecraft:health": {
        "value": 80,
        "max": 80
      },
      "minecraft:hurt_on_condition": {
        "damage_conditions": [
          {
            "filters": { "test": "in_lava", "subject": "self", "operator": "==", "value": true },
            "cause": "lava",
            "damage_per_tick": 8
          }
        ]
      },
      "minecraft:movement": {
        "value": 0.25
      },
      "minecraft:attack": {
        "damage": {
          "range_min": 4,
          "range_max": 12
        }
      }
    },
      "netherwartg": {
        "minecraft:variant": {
          "value": 33
        },
      "minecraft:type_family": {
        "family": [ "irongolem", "mob", "netherwartg"]
      },
      "minecraft:nameable": {
      },
      "minecraft:collision_box": {
        "width": 1.4,
        "height": 2.9
      },
      "minecraft:loot": {
        "table": "loot_tables/entities/netherwartB.json"
      },
      "minecraft:health": {
        "value": 70,
        "max": 70
      },
      "minecraft:hurt_on_condition": {
        "damage_conditions": [
          {
            "filters": { "test": "in_lava", "subject": "self", "operator": "==", "value": true },
            "cause": "lava",
            "damage_per_tick": 2
          }
        ]
      },
      "minecraft:movement": {
        "value": 0.25
      },
      "minecraft:attack": {
        "damage": {
          "range_min": 4,
          "range_max": 12
        }
      }
    },
      "warpedwartg": {
        "minecraft:variant": {
          "value": 32
        },
      "minecraft:type_family": {
        "family": [ "irongolem", "mob", "warpedwartg"]
      },
      "minecraft:nameable": {
      },
      "minecraft:collision_box": {
        "width": 1.4,
        "height": 2.9
      },
      "minecraft:loot": {
        "table": "loot_tables/entities/warpedwartB.json"
      },
      "minecraft:health": {
        "value": 80,
        "max": 80
      },
      "minecraft:hurt_on_condition": {
        "damage_conditions": [
          {
            "filters": { "test": "in_lava", "subject": "self", "operator": "==", "value": true },
            "cause": "lava",
            "damage_per_tick": 4
          }
        ]
      },
      "minecraft:movement": {
        "value": 0.25
      },
      "minecraft:attack": {
        "damage": {
          "range_min": 4,
          "range_max": 12
        }
      }
    },
    
    
    
      "minecraft:player_created": {
        "minecraft:behavior.hurt_by_target": {
          "priority": 2,
          "entity_types": {
            "filters": { 
                "all_of": [
                  { "test" :  "is_family", "subject" : "other", "operator": "!=", "value" :  "player"},
                  { "test" :  "is_family", "subject" : "other", "operator": "!=", "value" :  "creeper"}
                ] 
            }
          }
        }
      },
      "minecraft:village_created": {
        "minecraft:behavior.defend_village_target": {
          "priority": 1
        },
        "minecraft:dweller": {
          "dwelling_type": "village",
          "dweller_role": "defender",
          "update_interval_base": 60,
          "update_interval_variant": 40,
          "can_find_poi": false,
          "can_migrate": true,
          "first_founding_reward": 0
        }
      }
    },

    "components": {
        "minecraft:skin_id": {
            "value": 77
        },
        "minecraft:variant": {
          "value": 0
        },
      "minecraft:type_family": {
        "family": [ "irongolem", "mob" ]
      },
      "minecraft:nameable": {
      },
      "minecraft:collision_box": {
        "width": 1.4,
        "height": 2.9
      },
      "minecraft:loot": {
        "table": "loot_tables/entities/iron_golem.json"
      },
      "minecraft:health": {
        "value": 100,
        "max": 100
      },
      "minecraft:hurt_on_condition": {
        "damage_conditions": [
          {
            "filters": { "test": "in_lava", "subject": "self", "operator": "==", "value": true },
            "cause": "lava",
            "damage_per_tick": 4
          }
        ]
      },
      "minecraft:movement": {
        "value": 0.25
      },
      "minecraft:navigation.walk": {
        "can_path_over_water": false,
        "avoid_water": true,
        "avoid_damage_blocks": true
      },
      "minecraft:movement.basic": {
        
      },
      "minecraft:jump.static": {
      },
      "minecraft:can_climb": {
      },
      "minecraft:attack": {
        "damage": {
          "range_min": 7,
          "range_max": 21
        }
      },
      "minecraft:damage_sensor": {
        "triggers": {
          "cause": "fall",
          "deals_damage": false
        }
      },
      "minecraft:knockback_resistance": {
        "value": 1.0
      },
      "minecraft:leashable": {
        "soft_distance": 4.0,
        "hard_distance": 6.0,
        "max_distance": 10.0
      },
      "minecraft:balloonable": {
      },
      "minecraft:preferred_path" : {
        "max_fall_blocks" : 1,
        "jump_cost" : 5,
        "default_block_cost" : 1.5,
        "preferred_path_blocks" : [
          { 
            "cost" : 0,
            "blocks" : [ 
              "grass_path"
            ]
          },
          { 
            "cost" : 1,
            "blocks" : [ 
              "cobblestone", 
              "stone",
              "stonebrick",
              "sandstone",
              "mossy_cobblestone",
              "stone_slab",
              "stone_slab2",
              "stone_slab3",
              "stone_slab4",
              "double_stone_slab",
              "double_stone_slab2",
              "double_stone_slab3",
              "double_stone_slab4",
              "wooden_slab",
              "double_wooden_slab",
              "planks",
              "brick_block",
              "nether_brick",
              "red_nether_brick",
              "end_bricks",
              "red_sandstone",
              "stained_glass",
              "glass",
              "glowstone",
              "prismarine",
              "emerald_block",
              "diamond_block",
              "lapis_block",
              "gold_block",
              "redstone_block",
              "purple_glazed_terracotta",
              "white_glazed_terracotta",
              "orange_glazed_terracotta",
              "magenta_glazed_terracotta",
              "light_blue_glazed_terracotta",
              "yellow_glazed_terracotta",
              "lime_glazed_terracotta",
              "pink_glazed_terracotta",
              "gray_glazed_terracotta",
              "silver_glazed_terracotta",
              "cyan_glazed_terracotta",
              "blue_glazed_terracotta",
              "brown_glazed_terracotta",
              "green_glazed_terracotta",
              "red_glazed_terracotta",
              "black_glazed_terracotta"
             ]
          },
          { 
            "cost" : 50,
            "blocks" : [ 
              "bed",
              "lectern",
              "composter",
              "grindstone",
              "blast_furnace",
              "smoker",
              "fletching_table",
              "cartography_table",
              "brewing_stand",
              "smithing_table",
              "cauldron",
              "barrel",
              "loom",
              "stonecutter"
            ]
          }
        ]
      },
      "minecraft:behavior.target_when_pushed": {
        "priority": 1,
        "percent_chance": 5.0,
        "entity_types": [
          {
            "filters": { 
              "all_of": [
                { "test" :  "is_family", "subject" : "other", "value" :  "monster" },
                { "test" :  "is_family", "subject" : "other", "operator": "!=", "value" :  "creeper" }
              ] 
            }
          }
        ]
      },
      "minecraft:behavior.melee_attack": {
        "priority": 1,
        "target_dist": 1.0,
        "track_target": true
      },
      "minecraft:behavior.move_towards_target": {
        "priority": 2,
        "speed_multiplier": 0.9,
        "within_radius": 32
      },
      "minecraft:behavior.move_through_village": {
        "priority": 3,
        "speed_multiplier": 0.6,
        "only_at_night": true
      },
      "minecraft:behavior.move_towards_restriction": {
        "priority": 4,
        "speed_multiplier": 1
      },
      "minecraft:behavior.offer_flower": {
        "priority": 5
      },
      "minecraft:behavior.random_stroll": {
        "priority": 6,
        "speed_multiplier": 1,
        "xz_dist": 16
      },
      "minecraft:behavior.look_at_player": {
        "priority": 7,
        "look_distance": 6.0,
        "probability": 0.02
      },
      "minecraft:behavior.random_look_around": {
        "priority": 8
      },
      "minecraft:behavior.nearest_attackable_target": {
        "priority": 3,
        "entity_types": [
          {
            "filters": { 
                "all_of": [
                  { "test" :  "is_family", "subject" : "other", "value" :  "monster"},
                  { "test" :  "is_family", "subject" : "other", "operator": "!=", "value" :  "creeper"}
                ] 
            },
            "within_default": 10
          }
        ],
        "must_see": true,
        "must_reach": true
      },
      "minecraft:behavior.hurt_by_target": {
        "priority": 2,
        "entity_types": {
          "filters": { "test": "is_family", "subject": "other", "operator": "!=", "value": "creeper" }
        }
      },
      "minecraft:persistent": {
      },
      "minecraft:physics": {
      },
      "minecraft:pushable": {
        "is_pushable": true,
        "is_pushable_by_piston": true
      },
      "minecraft:follow_range": {
        "value": 64
      }
    },

    "events": {

      "minecraft:entity_transformed": {
        "sequence": [
          {
            "filters": {
                "test": "is_family",
                "subject": "other",
                "value": "coalg"
            },
            "add": {
                "component_groups": [ "minecraft:player_created", "coalg"]
            }
          },
          {
            "filters": {
                "test": "is_family",
                "subject": "other",
                "value": "cobblestoneg"
            },
            "add": {
                "component_groups": [ "minecraft:player_created", "cobblestoneg"]
            }
          },
          {
            "filters": {
                "test": "is_family",
                "subject": "other",
                "value": "diamondg"
            },
            "add": {
                "component_groups": [ "minecraft:player_created", "diamondg"]
            }
          },
          {
            "filters": {
                "test": "is_family",
                "subject": "other",
                "value": "dirtg"
            },
            "add": {
                "component_groups": [ "minecraft:player_created", "dirtg"]
            }
          },
          {
            "filters": {
                "test": "is_family",
                "subject": "other",
                "value": "endg"
            },
            "add": {
                "component_groups": [ "minecraft:player_created", "endg"]
            }
          },
          {
            "filters": {
                "test": "is_family",
                "subject": "other",
                "value": "glowstoneg"
            },
            "add": {
                "component_groups": [ "minecraft:player_created", "glowstoneg"]
            }
          },
          {
            "filters": {
                "test": "is_family",
                "subject": "other",
                "value": "goldg"
            },
            "add": {
                "component_groups": [ "minecraft:player_created", "goldg"]
            }
          },
          {
            "filters": {
                "test": "is_family",
                "subject": "other",
                "value": "grassg"
            },
            "add": {
                "component_groups": [ "minecraft:player_created", "grassg"]
            }
          },
          {
            "filters": {
                "test": "is_family",
                "subject": "other",
                "value": "lapisg"
            },
            "add": {
                "component_groups": [ "minecraft:player_created", "lapisg"]
            }
          },
          {
            "filters": {
                "test": "is_family",
                "subject": "other",
                "value": "logacaciag"
            },
            "add": {
                "component_groups": [ "minecraft:player_created", "logacaciag"]
            }
          },
          {
            "filters": {
                "test": "is_family",
                "subject": "other",
                "value": "logbigoakg"
            },
            "add": {
                "component_groups": [ "minecraft:player_created", "logbigoakg"]
            }
          },
          {
            "filters": {
                "test": "is_family",
                "subject": "other",
                "value": "logbirchg"
            },
            "add": {
                "component_groups": [ "minecraft:player_created", "logbirchg"]
            }
          },
          {
            "filters": {
                "test": "is_family",
                "subject": "other",
                "value": "logjungleg"
            },
            "add": {
                "component_groups": [ "minecraft:player_created", "logjungleg"]
            }
          },
          {
            "filters": {
                "test": "is_family",
                "subject": "other",
                "value": "logoakg"
            },
            "add": {
                "component_groups": [ "minecraft:player_created", "logoakg"]
            }
          },
          {
            "filters": {
                "test": "is_family",
                "subject": "other",
                "value": "logspruceg"
            },
            "add": {
                "component_groups": [ "minecraft:player_created", "logspruceg"]
            }
          },
          {
            "filters": {
                "test": "is_family",
                "subject": "other",
                "value": "magmag"
            },
            "add": {
                "component_groups": [ "minecraft:player_created", "magmag"]
            }
          },
          {
            "filters": {
                "test": "is_family",
                "subject": "other",
                "value": "melong"
            },
            "add": {
                "component_groups": [ "minecraft:player_created", "melong"]
            }
          },
          {
            "filters": {
                "test": "is_family",
                "subject": "other",
                "value": "netherrackg"
            },
            "add": {
                "component_groups": [ "minecraft:player_created", "netherrackg"]
            }
          },
          {
            "filters": {
                "test": "is_family",
                "subject": "other",
                "value": "obsidiang"
            },
            "add": {
                "component_groups": [ "minecraft:player_created", "obsidiang"]
            }
          },
          {
            "filters": {
                "test": "is_family",
                "subject": "other",
                "value": "plankacaciag"
            },
            "add": {
                "component_groups": [ "minecraft:player_created", "plankacaciag"]
            }
          },
          {
            "filters": {
                "test": "is_family",
                "subject": "other",
                "value": "plankbigoakg"
            },
            "add": {
                "component_groups": [ "minecraft:player_created", "plankbigoakg"]
            }
          },
          {
            "filters": {
                "test": "is_family",
                "subject": "other",
                "value": "plankbirchg"
            },
            "add": {
                "component_groups": [ "minecraft:player_created", "plankbirchg"]
            }
          },
          {
            "filters": {
                "test": "is_family",
                "subject": "other",
                "value": "plankjungleg"
            },
            "add": {
                "component_groups": [ "minecraft:player_created", "plankjungleg"]
            }
          },
          {
            "filters": {
                "test": "is_family",
                "subject": "other",
                "value": "plankoakg"
            },
            "add": {
                "component_groups": [ "minecraft:player_created", "plankoakg"]
            }
          },
          {
            "filters": {
                "test": "is_family",
                "subject": "other",
                "value": "plankspruceg"
            },
            "add": {
                "component_groups": [ "minecraft:player_created", "plankspruceg"]
            }
          },
          {
            "filters": {
                "test": "is_family",
                "subject": "other",
                "value": "pumpking"
            },
            "add": {
                "component_groups": [ "minecraft:player_created", "pumpking"]
            }
          },
          {
            "filters": {
                "test": "is_family",
                "subject": "other",
                "value": "quartzg"
            },
            "add": {
                "component_groups": [ "minecraft:player_created", "quartzg"]
            }
          },
          {
            "filters": {
                "test": "is_family",
                "subject": "other",
                "value": "redstoneg"
            },
            "add": {
                "component_groups": [ "minecraft:player_created", "redstoneg"]
            }
          },
          {
            "filters": {
                "test": "is_family",
                "subject": "other",
                "value": "sandg"
            },
            "add": {
                "component_groups": [ "minecraft:player_created", "sandg"]
            }
          },
          {
            "filters": {
                "test": "is_family",
                "subject": "other",
                "value": "slimeg"
            },
            "add": {
                "component_groups": [ "minecraft:player_created", "slimeg"]
            }
          },
          {
            "filters": {
                "test": "is_family",
                "subject": "other",
                "value": "stoneg"
            },
            "add": {
                "component_groups": [ "minecraft:player_created", "stoneg"]
            }
          }
          
          ,
          {
            "filters": {
                "test": "is_family",
                "subject": "other",
                "value": "bookshelfg"
            },
            "add": {
                "component_groups": [ "minecraft:player_created", "bookshelfg"]
            }
          },
          {
            "filters": {
                "test": "is_family",
                "subject": "other",
                "value": "glassg"
            },
            "add": {
                "component_groups": [ "minecraft:player_created", "glassg"]
            }
          },
          {
            "filters": {
                "test": "is_family",
                "subject": "other",
                "value": "netheriteg"
            },
            "add": {
                "component_groups": [ "minecraft:player_created", "netheriteg"]
            }
          },
          {
            "filters": {
                "test": "is_family",
                "subject": "other",
                "value": "hayg"
            },
            "add": {
                "component_groups": [ "minecraft:player_created", "hayg"]
            }
          },
          {
            "filters": {
                "test": "is_family",
                "subject": "other",
                "value": "blackstoneg"
            },
            "add": {
                "component_groups": [ "minecraft:player_created", "blackstoneg"]
            }
          },
          {
            "filters": {
                "test": "is_family",
                "subject": "other",
                "value": "netherbrickg"
            },
            "add": {
                "component_groups": [ "minecraft:player_created", "netherbrickg"]
            }
          },
          {
            "filters": {
                "test": "is_family",
                "subject": "other",
                "value": "honeyg"
            },
            "add": {
                "component_groups": [ "minecraft:player_created", "honeyg"]
            }
          },
          {
            "filters": {
                "test": "is_family",
                "subject": "other",
                "value": "endbrickg"
            },
            "add": {
                "component_groups": [ "minecraft:player_created", "endbrickg"]
            }
          },
          {
            "filters": {
                "test": "is_family",
                "subject": "other",
                "value": "emeraldg"
            },
            "add": {
                "component_groups": [ "minecraft:player_created", "emeraldg"]
            }
          },
          {
            "filters": {
                "test": "is_family",
                "subject": "other",
                "value": "kelpg"
            },
            "add": {
                "component_groups": [ "minecraft:player_created", "kelpg"]
            }
          },
          {
            "filters": {
                "test": "is_family",
                "subject": "other",
                "value": "mossycobblestoneg"
            },
            "add": {
                "component_groups": [ "minecraft:player_created", "mossycobblestoneg"]
            }
          },
          {
            "filters": {
                "test": "is_family",
                "subject": "other",
                "value": "clayg"
            },
            "add": {
                "component_groups": [ "minecraft:player_created", "clayg"]
            }
          },
          {
            "filters": {
                "test": "is_family",
                "subject": "other",
                "value": "brickg"
            },
            "add": {
                "component_groups": [ "minecraft:player_created", "brickg"]
            }
          },
          {
            "filters": {
                "test": "is_family",
                "subject": "other",
                "value": "boneg"
            },
            "add": {
                "component_groups": [ "minecraft:player_created", "boneg"]
            }
          },
          {
            "filters": {
                "test": "is_family",
                "subject": "other",
                "value": "stonebrickg"
            },
            "add": {
                "component_groups": [ "minecraft:player_created", "stonebrickg"]
            }
          },
          {
            "filters": {
                "test": "is_family",
                "subject": "other",
                "value": "graniteg"
            },
            "add": {
                "component_groups": [ "minecraft:player_created", "graniteg"]
            }
          },
          {
            "filters": {
                "test": "is_family",
                "subject": "other",
                "value": "dioriteg"
            },
            "add": {
                "component_groups": [ "minecraft:player_created", "dioriteg"]
            }
          },
          {
            "filters": {
                "test": "is_family",
                "subject": "other",
                "value": "andesiteg"
            },
            "add": {
                "component_groups": [ "minecraft:player_created", "andesiteg"]
            }
          },
          {
            "filters": {
                "test": "is_family",
                "subject": "other",
                "value": "redsandg"
            },
            "add": {
                "component_groups": [ "minecraft:player_created", "redsandg"]
            }
          },
          {
            "filters": {
                "test": "is_family",
                "subject": "other",
                "value": "logcrimsong"
            },
            "add": {
                "component_groups": [ "minecraft:player_created", "logcrimsong"]
            }
          },
          {
            "filters": {
                "test": "is_family",
                "subject": "other",
                "value": "logwarpedg"
            },
            "add": {
                "component_groups": [ "minecraft:player_created", "logwarpedg"]
            }
          },
          {
            "filters": {
                "test": "is_family",
                "subject": "other",
                "value": "plankcrimsong"
            },
            "add": {
                "component_groups": [ "minecraft:player_created", "plankcrimsong"]
            }
          },
          {
            "filters": {
                "test": "is_family",
                "subject": "other",
                "value": "plankwarpedg"
            },
            "add": {
                "component_groups": [ "minecraft:player_created", "plankwarpedg"]
            }
          },
          {
            "filters": {
                "test": "is_family",
                "subject": "other",
                "value": "netherwartg"
            },
            "add": {
                "component_groups": [ "minecraft:player_created", "netherwartg"]
            }
          },
          {
            "filters": {
                "test": "is_family",
                "subject": "other",
                "value": "warpedwartg"
            },
            "add": {
                "component_groups": [ "minecraft:player_created", "warpedwartg"]
            }
          }
          
          
        ]
      },
      "minecraft:from_player": {
        "add": {
          "component_groups": [
            "minecraft:player_created"
          ]
        }
      },
      "minecraft:from_village": {
        "add": {
          "component_groups": [
            "minecraft:village_created"
          ]
        }
      }
    }
  }
}