{
	"format_version": "1.12.0",
	"minecraft:geometry": [
		{
			"description": {
				"identifier": "geometry.garden_golem",
				"texture_width": 64,
				"texture_height": 64,
				"visible_bounds_width": 3,
				"visible_bounds_height": 3,
				"visible_bounds_offset": [0, 0, 0]
			},
			"bones": [
				{
					"name": "head",
					"pivot": [0, 20, 0],
					"mirror": true,
					"cubes": [
						{"origin": [-4, 20, -4], "size": [8, 8, 8], "inflate": -0.5, "uv": [0, 0]}
					]
				},
				{
					"name": "arm1",
					"pivot": [0, 18, 0],
					"mirror": true,
					"cubes": [
						{"origin": [-11, 16, -1], "size": [12, 2, 2], "inflate": -0.5, "pivot": [-5, 17, 0], "rotation": [0, 0, -45], "uv": [32, 0]}
					]
				},
				{
					"name": "arm2",
					"pivot": [0, 18, 0],
					"mirror": true,
					"cubes": [
						{"origin": [-1, 16, -1], "size": [12, 2, 2], "inflate": -0.5, "pivot": [5, 17, 0], "rotation": [0, 0, 45], "uv": [32, 0]}
					]
				},
				{
					"name": "piece1",
					"pivot": [0, 11, 0],
					"mirror": true,
					"cubes": [
						{"origin": [-5, 11, -5], "size": [10, 10, 10], "inflate": -0.5, "uv": [0, 16]}
					]
				},
				{
					"name": "piece2",
					"pivot": [0, 0, 0],
					"mirror": true,
					"cubes": [
						{"origin": [-6, 0, -6], "size": [12, 12, 12], "inflate": -0.5, "uv": [0, 36]}
					]
				}
			]
		}
	]
}