{
  "format_version": "1.8.0",
  "minecraft:client_entity": {
    "description": {
      "identifier": "king:garden_golem",
      "materials": { "default": "garden_golem" },
      "textures": {
        "default": "textures/entity/garden_golem/garden_golem"
      },
      "geometry": {
        "default": "geometry.garden_golem"
      },
      "spawn_egg": {
        "texture": "pirate_map",
        "texture_index": 0
      },
      "render_controllers": [ "controller.render.garden_golem" ]
    }
  }
}